mode,cycles,mean_error,max_error,pair_rms,triad_rms,viable,mid,ultra,singular,deep,very_deep,ultra_deep,access,spread,rollbacks,waste,reopen_events,phase_switches,runtime,seed,trial
fact_only,398,0.0018158117108224435,0.002557508333919619,0.0024242389693383748,0.002986726161821877,8,8,8,8,8,8,4,0.6438549459027787,0.08789566271754812,0,0.0,0,0,0.11603809999360237,20260609,1
fact_only,451,0.0015329556498600563,0.0028389063050272808,0.0023198360416706045,0.0029987176384449338,8,8,8,8,8,8,7,0.6425365605487015,0.08747158555280148,0,0.0,0,0,0.13483609999821056,20260610,2
fact_only,415,0.001801810023806833,0.0032545042213466043,0.0029812262264581816,0.002890051316621098,8,8,8,8,8,8,5,0.6428162401708557,0.08700757629162818,0,0.0,0,0,0.11988929999643005,20260611,3
fact_only,426,0.001799823791825729,0.002736608900334436,0.0027251344088309332,0.0029804089341833413,8,8,8,8,8,8,6,0.6422490061135583,0.08764928794641867,0,0.0,0,0,0.1198417999985395,20260612,4
fact_only,422,0.001699667584010006,0.0033888372687511446,0.0024400972718822515,0.0029737343084781866,8,8,8,8,8,8,6,0.6429977675848904,0.0872301803158802,0,0.0,0,0,0.12470780000148807,20260613,5
fact_only,392,0.0023322797623639892,0.0037590358317541946,0.002989787003332225,0.002977851494428958,8,8,8,8,8,8,3,0.6436723078203163,0.08776580633962751,0,0.0,0,0,0.1142581999883987,20260614,6
fact_only,402,0.0018458665382974585,0.0029314086920052477,0.002937947362767029,0.002987083979995463,8,8,8,8,8,8,6,0.6418208425779914,0.08743064464111762,0,0.0,0,0,0.11313009999867063,20260615,7
fact_only,413,0.001692022163640505,0.0023564130524822416,0.0025532412065611665,0.0029832724031024103,8,8,8,8,8,8,7,0.6429212848082659,0.08747616297252371,0,0.0,0,0,0.11449370000627823,20260616,8
fact_only,431,0.0016957877120583075,0.002451011490330246,0.0027138832899572442,0.002976548836474401,8,8,8,8,8,8,5,0.6430179971042764,0.08742625687237483,0,0.0,0,0,0.12706440000329167,20260617,9
fact_only,425,0.0016187674630764462,0.0032058155621337804,0.002699251732606072,0.002959611109552688,8,8,8,8,8,8,5,0.6422471006321362,0.08738606761701119,0,0.0,0,0,0.12424750000354834,20260618,10
fact_only,388,0.002184631509359237,0.0031393277935584853,0.002987327005927789,0.002721401635333365,8,8,8,8,8,8,3,0.6429149470583205,0.08737526770910738,0,0.0,0,0,0.10421440000936855,20260619,11
fact_only,353,0.0027918906761131143,0.0035140194436286995,0.00270502069125113,0.0029966208150274225,8,8,8,8,8,8,1,0.6430815389254628,0.08857064339671945,0,0.0,0,0,0.09757050000189338,20260620,12
fact_only,403,0.0019574413349905386,0.003324328391172864,0.002985911127574531,0.00272533186943147,8,8,8,8,8,8,4,0.642276274847686,0.08737371368376651,0,0.0,0,0,0.11335319999489002,20260621,13
fact_only,408,0.0014609179751007004,0.0033369240544842806,0.0029971486920187325,0.002975370909088888,8,8,8,8,8,8,7,0.6424734437855703,0.08704844793284326,0,0.0,0,0,0.12172029999783263,20260622,14
fact_only,429,0.0015075648761755213,0.0026960139339918953,0.0027455537344003365,0.002994725459734953,8,8,8,8,8,8,6,0.6423666876402812,0.087284012573929,0,0.0,0,0,0.12166150000120979,20260623,15
fact_only,388,0.0022733366572735437,0.0031836111114640227,0.002861534081496938,0.0029648623378141065,8,8,8,8,8,8,2,0.6430216483103746,0.08769899402080734,0,0.0,0,0,0.10791979999339674,20260624,16
fact_only,402,0.0020969241600010645,0.002837542667458983,0.002975453119079331,0.0029270315655670637,8,8,8,8,8,8,3,0.6428643591803773,0.08805064626234467,0,0.0,0,0,0.11176960000011604,20260625,17
fact_only,408,0.0020383610804657988,0.0028989274773710653,0.0025662411234324742,0.0029931160493478523,8,8,8,8,8,8,3,0.6424371694470343,0.08754862403571965,0,0.0,0,0,0.11744680000992958,20260626,18
fact_only,461,0.0016844358246042297,0.00227269035502213,0.002228498949269486,0.002997255889430701,8,8,8,8,8,8,6,0.6424935744017206,0.08796190538756538,0,0.0,0,0,0.128935900007491,20260627,19
fact_only,377,0.0017761780719900795,0.0023076605824844973,0.0024064693451979645,0.002963273324221971,8,8,8,8,8,8,6,0.6428905330666321,0.08810198205039237,0,0.0,0,0,0.10543419999885373,20260628,20
fact_only,389,0.0018961444500146876,0.0032371330586335634,0.0029835201568176296,0.0020445233114864962,8,8,8,8,8,8,6,0.643137026709337,0.08762623741880511,0,0.0,0,0,0.10937249999551568,20260629,21
fact_only,430,0.0018601953592464395,0.003039183878929947,0.0029772927572021307,0.0022493777707201274,8,8,8,8,8,8,5,0.6429365122379402,0.0876360322418195,0,0.0,0,0,0.12104640000325162,20260630,22
fact_only,388,0.002185981219223789,0.00390560209002698,0.0029861205184099097,0.0026579893479507966,8,8,8,8,8,8,5,0.6429068037554886,0.08716629424874561,0,0.0,0,0,0.11642960000608582,20260631,23
fact_only,424,0.0015292612444513442,0.002753644541135523,0.002992892466566076,0.0027077271530265,8,8,8,8,8,8,7,0.6420680881307014,0.08767889839365313,0,0.0,0,0,0.12506539998867083,20260632,24
fact_only,425,0.0014073397479430396,0.0031142275663037355,0.0027936373863260105,0.0029920521895702595,8,8,8,8,8,8,6,0.6433428953226774,0.08799824887444292,0,0.0,0,0,0.11861909998697229,20260633,25
fact_only,412,0.0019227002995460306,0.0029537632791523448,0.0027633220269048524,0.002990060335302409,8,8,8,8,8,8,5,0.6426902465784858,0.08720610698257997,0,0.0,0,0,0.12211919999390375,20260634,26
fact_only,429,0.0019337097754842107,0.0032445003751579164,0.00246091507252246,0.0029782119298444347,8,8,8,8,8,8,4,0.6422180437446998,0.08738038032493621,0,0.0,0,0,0.12834579999616835,20260635,27
fact_only,394,0.0020731796652265246,0.0029391154908304617,0.0028631874161790215,0.0029884544157093703,8,8,8,8,8,8,3,0.6432027481847225,0.08697156077513295,0,0.0,0,0,0.11750190000748262,20260636,28
fact_only,354,0.0026237221903843673,0.004121737504139898,0.002920944618786236,0.0029975471062946867,8,8,8,8,8,8,1,0.6442469261023043,0.08765553958176604,0,0.0,0,0,0.10803669999586418,20260637,29
fact_only,429,0.001955877084971645,0.0026925183514873783,0.0029936368309256252,0.0024994631564801218,8,8,8,8,8,8,5,0.6430169702910535,0.0878234375395337,0,0.0,0,0,0.12450359998911154,20260638,30
fact_only,399,0.0021273771585954776,0.003085328656971972,0.0028660413952723233,0.0029768726650009074,8,8,8,8,8,8,3,0.6420747074679073,0.08795658821919128,0,0.0,0,0,0.13874720000603702,20260639,31
fact_only,431,0.0018411140950057234,0.003102785113817913,0.0029779408420423014,0.002751439002671024,8,8,8,8,8,8,6,0.6430352267101591,0.08771471439581657,0,0.0,0,0,0.1251239999983227,20260640,32
fact_only,370,0.002104897053260468,0.0044122872885718105,0.0026621206884800716,0.00299100818441276,8,8,8,8,8,8,6,0.6420125443767108,0.0876463053913437,0,0.0,0,0,0.10334660000808071,20260641,33
fact_only,407,0.0018244639600844788,0.0027120834880977798,0.0029762127784072503,0.002971077883417386,8,8,8,8,8,8,5,0.6424348289190869,0.08687721159293298,0,0.0,0,0,0.11674099999072496,20260642,34
fact_only,378,0.0019856520967947537,0.002832093826723956,0.002881068582852504,0.0029940628038215068,8,8,8,8,8,8,4,0.6429773273580282,0.08753385840589144,0,0.0,0,0,0.11950410000281408,20260643,35
fact_only,382,0.002035522101722958,0.00296917058132854,0.002997504541592468,0.002864985325984419,8,8,8,8,8,8,3,0.6427162570703566,0.08767942311836115,0,0.0,0,0,0.10556009999709204,20260644,36
fact_only,363,0.002533438592310193,0.003980148264406707,0.002958019459217761,0.002923013990984466,8,8,8,8,8,8,2,0.6425624664649117,0.08758907869607709,0,0.0,0,0,0.10935070000414271,20260645,37
fact_only,424,0.0017082868059880442,0.002929879658142047,0.0029958805111952483,0.0028954995990812553,8,8,8,8,8,8,4,0.6425807656880556,0.08740892085040158,0,0.0,0,0,0.12082050000026356,20260646,38
fact_only,404,0.001790564755781404,0.0030174694738006502,0.0021697652494399255,0.0029912796950965327,8,8,8,8,8,8,6,0.6421384166247697,0.08786106382769833,0,0.0,0,0,0.1229758999979822,20260647,39
fact_only,381,0.0023223546087817667,0.0029943516889859505,0.002709999433767853,0.002975914720588582,8,8,8,8,8,8,3,0.6420907374044438,0.08708099756801972,0,0.0,0,0,0.11175619999994524,20260648,40
fact_only,380,0.001995192893607615,0.002856527791286599,0.002991721064645867,0.00267087321638296,8,8,8,8,8,8,3,0.6426214150961178,0.08753754955600873,0,0.0,0,0,0.12513359999866225,20260649,41
fact_only,394,0.0016802042407319116,0.002474442557518707,0.0024938184908644963,0.002972352694431805,8,8,8,8,8,8,6,0.6431607215514937,0.08743755722788453,0,0.0,0,0,0.11513700000068638,20260650,42
fact_only,369,0.0024047641217608755,0.003743036726594223,0.002915441187198037,0.002964682729941177,8,8,8,8,8,8,3,0.6429185951703461,0.08743033518629284,0,0.0,0,0,0.1115214999881573,20260651,43
fact_only,403,0.00206616047086341,0.002742040507110923,0.0029925740549980487,0.0027878835224648952,8,8,8,8,8,8,4,0.644131402418495,0.08794687794156002,0,0.0,0,0,0.11368059999949764,20260652,44
fact_only,415,0.0017053327938341659,0.0033542848608717466,0.002991296601447806,0.00282683047429307,8,8,8,8,8,8,5,0.6426306788159906,0.08701988094232825,0,0.0,0,0,0.11786349999601953,20260653,45
fact_only,389,0.0018256898740882743,0.00268431782562549,0.002492580483891957,0.0029890229913138357,8,8,8,8,8,8,6,0.6428894879250027,0.08732449182464136,0,0.0,0,0,0.11994219999178313,20260654,46
fact_only,390,0.002284326546184803,0.0031574712020706274,0.0029966970034791124,0.0029280654615345372,8,8,8,8,8,8,2,0.6426358513983002,0.0875176445563473,0,0.0,0,0,0.12703099999635015,20260655,47
fact_only,431,0.001829775901693875,0.003018603150938887,0.0029921652174201173,0.0027660829278216546,8,8,8,8,8,8,5,0.6423648527751299,0.08799005929368746,0,0.0,0,0,0.13621450000209734,20260656,48
fact_only,447,0.001760555094101899,0.002831761892998407,0.0029965947398554655,0.002707480827893935,8,8,8,8,8,8,6,0.6420711385535667,0.08738906639914996,0,0.0,0,0,0.13466799999878276,20260657,49
fact_only,408,0.0017455312286759656,0.0028765112844981594,0.0028103395196208063,0.0029923736424898686,8,8,8,8,8,8,5,0.6422206059709321,0.08772088334037036,0,0.0,0,0,0.1275549999991199,20260658,50
topology_only,650,0.005494457470675302,0.006719238763157323,0.0020444195621082224,0.001689827096542497,8,8,8,8,8,3,0,0.6436709476583945,0.08560696953187873,0,0.0,271,157,0.27778020000550896,20360609,1
topology_only,650,0.005632020497132955,0.006887389999786435,0.0019527285209421908,0.0031682234246172727,8,8,8,8,8,3,0,0.6431728931061085,0.08607849259272755,0,0.0,383,197,0.2558229999995092,20360610,2
topology_only,650,0.005482227583528013,0.005966373513504159,0.002146867590324174,0.0020418415471000636,8,8,8,8,8,2,0,0.6462671965883127,0.08591660625592111,0,0.0,410,140,0.24021729998639785,20360611,3
topology_only,650,0.0054355523261675875,0.007005632021477932,0.002585752999587372,0.0014830536366101708,8,8,8,8,8,3,0,0.6425812057072737,0.08652468395602274,0,0.0,226,188,0.24747380000189878,20360612,4
topology_only,650,0.0061858583810223584,0.008909104625876126,0.0022910617850352096,0.002154404503175217,8,8,8,8,8,2,0,0.6457198422685084,0.08501099858936804,0,0.0,348,152,0.2977499999979045,20360613,5
topology_only,650,0.00581131394654635,0.007483138650018233,0.0019188359619226047,0.0021694029106263777,8,8,8,8,8,2,0,0.6452519724446761,0.0862700587934525,0,0.0,354,176,0.2577881999895908,20360614,6
topology_only,650,0.0059279700226026084,0.007979572798002484,0.0016325005996022219,0.004456043861513153,8,8,8,8,8,0,0,0.6446951637342915,0.0868304811899709,0,0.0,484,170,0.2375060000049416,20360615,7
topology_only,650,0.005424027552648127,0.005991327685339302,0.002277938854072963,0.002776927862415994,8,8,8,8,8,2,0,0.644800415000469,0.08726168332043412,0,0.0,381,159,0.24791170000389684,20360616,8
topology_only,650,0.005915912088015923,0.008852540831784559,0.0020812919754411314,0.0027750792828542988,8,8,8,8,8,3,0,0.6428255605954782,0.08615699008106331,20,0.18388334214886898,282,151,0.24820370000088587,20360617,9
topology_only,650,0.005829135493724902,0.0060382944307145045,0.0021939702723850064,0.0018717688452833544,8,8,8,8,8,0,0,0.6459511028160101,0.08660709612831252,0,0.0,484,140,0.24759420000191312,20360618,10
topology_only,650,0.006033020107806619,0.007046562175044506,0.0016254360983064683,0.001329391325289177,8,8,8,8,8,0,0,0.6460475395447703,0.0862909643787159,0,0.0,512,138,0.26412100000015926,20360619,11
topology_only,650,0.005533567638843213,0.006643089234203817,0.0031442064265809967,0.0020175307368629066,8,8,8,8,8,3,0,0.645247269079299,0.08733756186743202,0,0.0,324,145,0.2690636000043014,20360620,12
topology_only,650,0.005506184071385718,0.007387404351116275,0.002733355286029609,0.002008329835192914,8,8,8,8,8,3,0,0.6451281224304459,0.08670633957254044,0,0.0,236,153,0.25878499999816995,20360621,13
topology_only,650,0.005522464806567864,0.006316050831619324,0.0017162021959923667,0.001980041620975973,8,8,8,8,8,3,0,0.6457439402475916,0.08602844122557436,0,0.0,306,175,0.2720792000036454,20360622,14
topology_only,650,0.006804810221041671,0.010947952564656896,0.001505341133997127,0.005111405814264008,8,8,8,8,7,1,0,0.6465856577555505,0.08714309023458962,0,0.0,284,186,0.2585756000044057,20360623,15
topology_only,650,0.005696484459558138,0.007763300731457278,0.002557151754175803,0.0022830744346314766,8,8,8,8,8,4,0,0.6437334594940256,0.08485241451865161,0,0.0,413,133,0.2580452999973204,20360624,16
topology_only,650,0.0054699976848202846,0.0066418398957758295,0.002027435097890902,0.002770335896439845,8,8,8,8,8,3,0,0.6429042509234922,0.08727454956287202,0,0.0,381,189,0.25034169999707956,20360625,17
topology_only,650,0.005693587798035731,0.007446784950093489,0.0020477312384587993,0.002605199991506308,8,8,8,8,8,3,0,0.6423159460255012,0.08617766020105251,0,0.0,296,186,0.2495794999995269,20360626,18
topology_only,650,0.0060392806155286916,0.007956429211780693,0.0010741485240389629,0.0010453752714203292,8,8,8,8,8,0,0,0.6459006952053366,0.08761554712765239,0,0.0,314,177,0.26466119999531657,20360627,19
topology_only,650,0.005014178043732687,0.006221479067859087,0.0035068930416798003,0.0022024463527595467,8,8,8,8,8,5,0,0.6448668857944999,0.08613477266579793,0,0.0,188,159,0.2674200000037672,20360628,20
topology_only,650,0.00499024344051173,0.005947375035966194,0.0023324832247807246,0.0020209616466027435,8,8,8,8,8,4,0,0.6456977418876323,0.08533267465790902,0,0.0,149,147,0.25371169998834375,20360629,21
topology_only,650,0.006383110777658079,0.010887619572746138,0.00195470316950121,0.004159288895246193,8,8,8,8,7,2,0,0.6472099145833017,0.08514458610365562,0,0.0,359,159,0.26203180001175497,20360630,22
topology_only,650,0.0055754678921434925,0.007481058208966872,0.0018924748890393746,0.0028824672123258692,8,8,8,8,8,3,0,0.6447982224099976,0.08602471547571107,0,0.0,322,168,0.25209379999432713,20360631,23
topology_only,650,0.00571817483248351,0.007273694607757841,0.002559102765556676,0.002163716323916603,8,8,8,8,8,2,0,0.6451817750546516,0.08576343794812975,0,0.0,416,168,0.25624210000387393,20360632,24
topology_only,650,0.005518215086959968,0.0059718677323950505,0.0017351641065257515,0.0026358987322369007,8,8,8,8,8,2,0,0.6447665369351758,0.08714508954474519,0,0.0,353,117,0.2515865000023041,20360633,25
topology_only,650,0.0057185398368544416,0.006474772655302528,0.0027499367398212187,0.0036331841810375324,8,8,8,8,8,1,0,0.6442397633284498,0.08591756543678768,0,0.0,374,157,0.2771846999967238,20360634,26
topology_only,650,0.005608844735962611,0.006716394316162104,0.0012987921102519597,0.0019240932100002793,8,8,8,8,8,2,0,0.6436034243212281,0.08577407077524841,0,0.0,515,119,0.27131419999932405,20360635,27
topology_only,650,0.00578468254354182,0.007025972505384386,0.0022007390422707006,0.0028241370928559816,8,8,8,8,8,1,0,0.6458107654045908,0.08749355308740873,0,0.0,460,171,0.33582989999558777,20360636,28
topology_only,650,0.0055627897601693635,0.0066130851931928,0.0018129566625149421,0.0022703810895636075,8,8,8,8,8,3,0,0.6454261532495111,0.08693987459341168,0,0.0,458,147,0.28714210000180174,20360637,29
topology_only,650,0.005451342543437283,0.006856586614804414,0.0019940503186988874,0.0024995916551836424,8,8,8,8,8,2,0,0.6455270488091631,0.08569909005099384,0,0.0,238,187,0.2729107000050135,20360638,30
topology_only,650,0.0056655494811730005,0.006537435929754595,0.0022788144020970823,0.003277595938492521,8,8,8,8,8,2,0,0.6442047523294288,0.08599116838516312,0,0.0,396,179,0.30533100001048297,20360639,31
topology_only,650,0.0053657201518300095,0.005973983292363525,0.0024331955655761284,0.0019352340141167235,8,8,8,8,8,3,0,0.6448386923860906,0.0878448521675847,0,0.0,243,161,0.2943185000040103,20360640,32
topology_only,650,0.006238764220595057,0.007848772848083807,0.0012995804801868498,0.0010712827680568672,8,8,8,8,8,1,0,0.642588820722714,0.08630671575435557,0,0.0,419,142,0.31576589999895077,20360641,33
topology_only,650,0.0055909891428194795,0.005990900578158175,0.0012202344466559379,0.0032748974285215495,8,8,8,8,8,2,0,0.6454920166122831,0.08662919106685639,0,0.0,476,171,0.27697120000084396,20360642,34
topology_only,650,0.005666387643944416,0.008414422047025359,0.00209520980622503,0.003222188304013387,8,8,8,8,8,4,0,0.641502826534911,0.08566719756524761,0,0.0,324,104,0.24374859999807086,20360643,35
topology_only,650,0.005509078057903315,0.006217129069803798,0.0021641029261744646,0.002134828204112719,8,8,8,8,8,3,0,0.6439093087198592,0.08606231208787489,0,0.0,382,165,0.2746569000009913,20360644,36
topology_only,650,0.00580233787161938,0.00598984568339771,0.0021370465425255823,0.0015302288424035167,8,8,8,8,8,0,0,0.6456219339118312,0.08711164037541637,0,0.0,491,149,0.2454456000123173,20360645,37
topology_only,650,0.005417831252128532,0.007074095491500588,0.002216315085527027,0.0031773705201646064,8,8,8,8,8,3,0,0.6449312548340101,0.08660322427440796,0,0.0,332,157,0.3120007999968948,20360646,38
topology_only,650,0.005759218993678573,0.006175911030743212,0.001723259720243982,0.0013785675779229463,8,8,8,8,8,1,0,0.6439176580124282,0.08709829089294241,0,0.0,334,158,0.24009609999484383,20360647,39
topology_only,650,0.005716082615910327,0.007229250668556594,0.0016354452043613283,0.0013879651886816613,8,8,8,8,8,1,0,0.6459178533190657,0.08728672696258255,0,0.0,513,129,0.2674974999972619,20360648,40
topology_only,650,0.005350045049215307,0.005935308554555224,0.0022970126825079397,0.00224333463960627,8,8,8,8,8,3,0,0.6443489987623519,0.08690569319712342,0,0.0,447,115,0.251632100000279,20360649,41
topology_only,650,0.0058114083114062815,0.006401050048947488,0.0013565477441659756,0.0032521278256340117,8,8,8,8,8,0,0,0.6458460407697685,0.08818382353776551,0,0.0,692,116,0.2714787000004435,20360650,42
topology_only,650,0.005377303004085836,0.005977821657725302,0.001558580189314047,0.0034539303646464073,8,8,8,8,8,2,0,0.6442219081233378,0.08638264385542592,0,0.0,409,163,0.23731620000035036,20360651,43
topology_only,650,0.005755738261870319,0.007207927468010112,0.001741863747648437,0.002720233168613043,8,8,8,8,8,2,0,0.6480967103773079,0.08756613252960505,0,0.0,372,177,0.2554181999876164,20360652,44
topology_only,650,0.005549834401498381,0.0063613040357212965,0.0020468608475102796,0.0019563928018671572,8,8,8,8,8,2,0,0.6442699099836887,0.08642446104180289,0,0.0,420,130,0.25290780000796076,20360653,45
topology_only,650,0.005562165180720292,0.006390442922887209,0.0023649165058339545,0.002394929442874642,8,8,8,8,8,1,0,0.6441299278496775,0.08579451289905332,0,0.0,322,197,0.26962589999311604,20360654,46
topology_only,650,0.005361107719309782,0.007632322599298412,0.0017523474932009324,0.003090251503793241,8,8,8,8,8,4,0,0.6418355166106823,0.08588861832331063,0,0.0,272,161,0.24087720000534318,20360655,47
topology_only,650,0.005740554135688484,0.007979975910207434,0.002365108244193713,0.00110692936971973,8,8,8,8,8,3,0,0.644789201377449,0.08634004224132698,0,0.0,353,189,0.2869712000101572,20360656,48
topology_only,650,0.005473194950039393,0.006665555788253849,0.002251810494658473,0.00307778956127094,8,8,8,8,8,3,0,0.6446214031503278,0.08639493422336984,0,0.0,320,207,0.254748399995151,20360657,49
topology_only,650,0.0063280190673068466,0.01059251501572185,0.0012039922195998917,0.0013481258307496428,8,8,8,8,7,0,0,0.646088521999324,0.08704102219566577,0,0.0,354,148,0.3110633000032976,20360658,50
hybrid,650,0.005190278791146145,0.005974961741009568,0.002354559009936085,0.0022130339088220507,8,8,8,8,8,4,0,0.642650511947882,0.08624776355682395,0,0.0,215,195,0.2516812999965623,20460609,1
hybrid,650,0.005719173687073817,0.00725700011531221,0.0014101550545219186,0.0011231269752944167,8,8,8,8,8,1,0,0.6445990517074729,0.08584703863515113,0,0.0,306,174,0.25540080000064336,20460610,2
hybrid,650,0.005350986834646918,0.006033777776624872,0.002696643433856692,0.002424850607475138,8,8,8,8,8,3,0,0.6453695792005036,0.08650182104251163,0,0.0,305,159,0.257062999997288,20460611,3
hybrid,650,0.005485051051440177,0.005998960778815662,0.002844029166472712,0.0019515146351432166,8,8,8,8,8,3,0,0.6452186076332767,0.08631252133659834,0,0.0,269,125,0.27127749999635853,20460612,4
hybrid,650,0.0057184009370251825,0.0076048291935254374,0.0028393632626615766,0.0025719944597505573,8,8,8,8,8,3,0,0.6444261622799601,0.08622893635870675,0,0.0,394,152,0.2547118000074988,20460613,5
hybrid,650,0.005567196928641303,0.008029410559193614,0.0028363001630816527,0.001926844439595655,8,8,8,8,8,4,0,0.6446667563514028,0.08772379860131686,0,0.0,226,181,0.2509927999926731,20460614,6
hybrid,650,0.005478593478774956,0.0068741040966716115,0.001512497452812856,0.0015096093870248534,8,8,8,8,8,4,0,0.6450954292538218,0.08564034021397708,0,0.0,376,143,0.2610528999939561,20460615,7
hybrid,650,0.00588564765756725,0.008899101023582566,0.0027241656975518663,0.0036033256679004824,8,8,8,8,8,3,0,0.6426406791357797,0.08599941838506313,0,0.0,397,129,0.26312740000139456,20460616,8
hybrid,650,0.005422165148690225,0.006883053076518665,0.0024754220758382312,0.00295812567751663,8,8,8,8,8,4,0,0.6426691858056526,0.08613404009630345,0,0.0,372,155,0.2552386000024853,20460617,9
hybrid,650,0.005157084923154204,0.006553991338595528,0.0030426037203524093,0.0015453131536079345,8,8,8,8,8,4,0,0.6434017950496407,0.08606509853594368,0,0.0,198,147,0.2508411000017077,20460618,10
hybrid,650,0.005405356510249967,0.005968003808299743,0.0013894871591112802,0.003107189977279671,8,8,8,8,8,2,0,0.6449955137617382,0.08720828078975529,0,0.0,403,131,0.26793189998716116,20460619,11
hybrid,650,0.005257520822661722,0.005990247682917319,0.0031519875448702247,0.0013225602610736293,8,8,8,8,8,3,0,0.6465716160407731,0.08679750229498916,0,0.0,242,185,0.26053699999465607,20460620,12
hybrid,650,0.0053152174551740535,0.0059833918730284605,0.002553558149430716,0.001611235186269803,8,8,8,8,8,4,0,0.6455771831003416,0.08634404901472731,0,0.0,191,115,0.28499480000755284,20460621,13
hybrid,650,0.00579303647993553,0.007290348029430945,0.0032425359067438007,0.0022365294393762018,8,8,8,8,8,1,0,0.6446081148332885,0.0863659539768129,0,0.0,338,120,0.271142300000065,20460622,14
hybrid,650,0.005076040101308985,0.0059948799390780365,0.003132298909506232,0.001721535340272302,8,8,8,8,8,4,0,0.6437101248345584,0.08664696441440785,0,0.0,160,169,0.2536499000125332,20460623,15
hybrid,650,0.006395559635330233,0.01035603613036386,0.0011644502749872205,0.0051922757711182375,8,8,8,8,7,1,0,0.6473488882669447,0.08754307803551625,0,0.0,327,164,0.28214710000611376,20460624,16
hybrid,650,0.006384432962572836,0.010083313834921932,0.0013579286941692913,0.003579026072801215,8,8,8,8,7,1,0,0.6456093542400001,0.08717569320914964,0,0.0,346,208,0.25784430000931025,20460625,17
hybrid,650,0.0060284983083953025,0.008450741750456639,0.0013661160168897371,0.0041847947060558305,8,8,8,8,8,0,0,0.6453837341715367,0.08735383085928006,0,0.0,497,152,0.25482639999245293,20460626,18
hybrid,650,0.005613968046787331,0.00599730483326556,0.0024699518707871834,0.002255622677522846,8,8,8,8,8,1,0,0.642291304504691,0.08705935883414068,0,0.0,518,119,0.26459690000046976,20460627,19
hybrid,650,0.006026267145869766,0.0074315880195385976,0.001775267954228325,0.0034959658478252737,8,8,8,8,8,2,0,0.6467420622548936,0.08613133202483687,0,0.0,378,202,0.2592318999959389,20460628,20
hybrid,650,0.0055259310924287855,0.006065863287121212,0.0020835575519784644,0.0020914150327835156,8,8,8,8,8,2,0,0.6448517492503438,0.08581925282743474,0,0.0,355,144,0.275852600010694,20460629,21
hybrid,650,0.006427349222163852,0.00846196435987568,0.002020282019448147,0.0032209857031022613,8,8,8,8,8,1,0,0.6457610006625558,0.08685350695084536,0,0.0,313,183,0.26997489998757374,20460630,22
hybrid,650,0.0055791279243469745,0.0071610157928152654,0.0024656447207799807,0.0018771410396017103,8,8,8,8,8,3,0,0.6447883741875675,0.08596938281487776,0,0.0,313,171,0.25079390000610147,20460631,23
hybrid,650,0.005508608510497233,0.008064228779901855,0.002252187009055019,0.002185768081549715,8,8,8,8,8,4,0,0.6449456106630681,0.08614218762045833,0,0.0,205,129,0.2645680999994511,20460632,24
hybrid,650,0.0055413534875949225,0.006795899948070182,0.0028198586207209605,0.003594442679319857,8,8,8,8,8,2,0,0.6425085135462383,0.08594143243730978,0,0.0,348,138,0.2606660000019474,20460633,25
hybrid,650,0.005515279615146481,0.007621523093210652,0.002119734366148849,0.0034102769825660505,8,8,8,8,8,3,0,0.6461505520018395,0.08612919841246784,0,0.0,328,216,0.2762256999994861,20460634,26
hybrid,650,0.005961989739404559,0.00920781364215045,0.0018566264962342678,0.003461697030769342,8,8,8,8,8,1,0,0.6444352711682978,0.08629472207043642,0,0.0,471,111,0.24410440000065137,20460635,27
hybrid,650,0.005696770850033927,0.006753739144337385,0.002153048178723453,0.0033431405530857153,8,8,8,8,8,2,0,0.6453776692037867,0.0853233924841778,0,0.0,405,166,0.28608900000108406,20460636,28
hybrid,650,0.005521909063905553,0.006654925523603213,0.0024891069688599836,0.0016733936276259146,8,8,8,8,8,3,0,0.644282645567147,0.08585137852826578,0,0.0,427,155,0.2461368000076618,20460637,29
hybrid,650,0.006108394568837236,0.009685110607155815,0.0007694281957737382,0.002649541519475192,8,8,8,8,8,1,0,0.6467631966866985,0.08734740944301754,0,0.0,527,131,0.2819790999928955,20460638,30
hybrid,650,0.005505553330658307,0.006684895232259673,0.0021824406887882243,0.002625946252565567,8,8,8,8,8,1,0,0.6463991105078153,0.08647271775808629,0,0.0,453,131,0.26013460000103805,20460639,31
hybrid,650,0.006332916583866411,0.010617502817200412,0.0012692123226704147,0.004050183961421547,8,8,8,8,7,2,0,0.6457921660196879,0.08535125538574667,0,0.0,433,195,0.2818217000021832,20460640,32
hybrid,650,0.005506937025117991,0.007059346884778114,0.0015875572067821117,0.0027354095703245856,8,8,8,8,8,3,0,0.6447895810598905,0.08729975592980861,0,0.0,363,131,0.2561381999985315,20460641,33
hybrid,650,0.005421119109566075,0.005980097925535557,0.0017213634669917565,0.002935216495076198,8,8,8,8,8,2,0,0.6441748398776902,0.08599499372974051,0,0.0,329,143,0.2599666000023717,20460642,34
hybrid,650,0.005751417725344641,0.007404257442161252,0.002392463714609033,0.0015736617640189608,8,8,8,8,8,2,0,0.6461573850861863,0.086433054432337,0,0.0,291,140,0.2680599000013899,20460643,35
hybrid,650,0.005412028949143963,0.007135162829083256,0.0025725603261382885,0.002771277532737966,8,8,8,8,8,3,0,0.6447930377583109,0.08679402170514176,0,0.0,224,207,0.26369949999207165,20460644,36
hybrid,650,0.005700005928467742,0.007332769019282375,0.0022045844608590557,0.0011970796677472238,8,8,8,8,8,3,0,0.6451965264260888,0.08540459100196307,0,0.0,369,154,0.26162530000146944,20460645,37
hybrid,650,0.005154178387234403,0.00590350404872947,0.0025198201805935946,0.0019059308004843348,8,8,8,8,8,3,0,0.6434390689554772,0.08562068967182601,0,0.0,232,115,0.26188839999667834,20460646,38
hybrid,650,0.005831604124877847,0.008688055165536722,0.0017582455639337396,0.001505922202350974,8,8,8,8,8,2,0,0.6433003668662775,0.0849903407433556,0,0.0,302,143,0.25305859999207314,20460647,39
hybrid,650,0.00570563760738735,0.007244798348630543,0.0020906531781063006,0.0031809333942290495,8,8,8,8,8,1,0,0.6460154220054948,0.08599177396635589,0,0.0,377,179,0.27172710000013467,20460648,40
hybrid,650,0.005804923404671726,0.007684584974140635,0.0024425978782300576,0.002530581647077742,8,8,8,8,8,3,0,0.6454336325784491,0.08598291000772408,0,0.0,355,202,0.34830199999851175,20460649,41
hybrid,650,0.005694082755183853,0.007940366689738151,0.0022630282264428743,0.0018651426312777657,8,8,8,8,8,4,0,0.6452789539994335,0.08598884478568629,0,0.0,336,165,0.2662486000044737,20460650,42
hybrid,650,0.005369723124240341,0.006311954522156665,0.002144225002587047,0.0028007095744422648,8,8,8,8,8,3,0,0.6469209642027941,0.08729534770983254,0,0.0,319,191,0.3057581999892136,20460651,43
hybrid,650,0.005482866261684642,0.006953490649158019,0.003405117615032058,0.0021154099944672563,8,8,8,8,8,4,0,0.6430052593588886,0.08657427055976352,0,0.0,289,163,0.2614887999952771,20460652,44
hybrid,650,0.005955937365768661,0.008913508684184805,0.001713164096956983,0.002026664170414071,8,8,8,8,8,1,0,0.6450188717944041,0.08605289979933034,0,0.0,386,199,0.2575679999863496,20460653,45
hybrid,650,0.005249297571915354,0.005978422944215231,0.0028241573022990143,0.0023539003830114202,8,8,8,8,8,3,0,0.6439193462111232,0.08708307903299368,0,0.0,342,101,0.26012920000357553,20460654,46
hybrid,650,0.005317114518336834,0.0061970198512860215,0.0030404298366256202,0.001312705343706475,8,8,8,8,8,4,0,0.6458859138846963,0.08589067190604259,0,0.0,256,196,0.27147079999849666,20460655,47
hybrid,650,0.005471006586569391,0.006525965810625454,0.0024864991584639313,0.002321317663741901,8,8,8,8,8,4,0,0.6447516938897349,0.08496596030971104,0,0.0,327,162,0.2555131999979494,20460656,48
hybrid,650,0.006743886375583442,0.008351632038052559,0.001773281772113758,0.005159580773796035,8,8,8,8,8,1,0,0.646199502163723,0.08763459757425306,0,0.0,375,182,0.2772207999951206,20460657,49
hybrid,650,0.005757211784224832,0.007757522619656498,0.0023048033145574524,0.0023096603482141865,8,8,8,8,8,2,0,0.6448264326754163,0.08616126467370737,0,0.0,270,211,0.25532760001078714,20460658,50
